--Assignment 2CREATE TABLE salesman (    salesman_id INT PRIMARY KEY,    name VARCHAR(50),    city VARCHAR(50),    commission DECIMAL(4,2));INSERT INTO salesman (salesman_id, name, city, commission) VALUES(5001, 'James Hoog', 'New York', 0.15),(5002, 'Nail Knite', 'Paris', 0.13),(5005, 'Pit Alex', 'London', 0.11),(5006, 'Mc Lyon', 'Paris', 0.14),(5007, 'Paul Adam', 'Rome', 0.13),(5003, 'Lauson Hen', 'San Jose', 0.12);CREATE TABLE customer (    customer_id INT PRIMARY KEY,    cust_name VARCHAR(50),    city VARCHAR(50),    grade INT,    salesman_id INT,    FOREIGN KEY (salesman_id) REFERENCES salesman(salesman_id));INSERT INTO customer (customer_id, cust_name, city, grade, salesman_id) VALUES(3002, 'Nick Rimando', 'New York', 100, 5001),(3007, 'Brad Davis', 'New York', 200, 5001),(3005, 'Graham Zusi', 'California', 200, 5002),(3008, 'Julian Green', 'London', 300, 5002),(3004, 'Fabian Johnson', 'Paris', 300, 5006),(3009, 'Geoff Cameron', 'Berlin', 100, 5003),(3003, 'Jozy Altidor', 'Moscow', 200, 5007),(3001, 'Brad Guzan', 'London', NULL, 5005);CREATE TABLE orders_1 (    ord_no INT PRIMARY KEY,    purch_amt DECIMAL(8,2),    ord_date DATE,    customer_id INT,    salesman_id INT,    FOREIGN KEY (customer_id) REFERENCES customer(customer_id),    FOREIGN KEY (salesman_id) REFERENCES salesman(salesman_id));INSERT INTO orders_1 (ord_no, purch_amt, ord_date, customer_id, salesman_id) VALUES(70001, 150.5, '2012-10-05', 3005, 5002),(70009, 270.65, '2012-09-10', 3001, 5005),(70002, 65.26, '2012-10-05', 3002, 5001),(70004, 110.5, '2012-08-17', 3009, 5003),(70007, 948.5, '2012-09-10', 3005, 5002),(70005, 2400.6, '2012-07-27', 3007, 5001),(70008, 5760, '2012-09-10', 3002, 5001),(70010, 1983.43, '2012-10-10', 3004, 5006),(70003, 2480.4, '2012-10-10', 3009, 5003),(70012, 250.45, '2012-06-27', 3008, 5002),(70011, 75.29, '2012-08-17', 3003, 5007),(70013, 3045.6, '2012-04-25', 3002, 5001);SELECT * FROM salesman;SELECT * FROM customer;SELECT * FROM orders_1;--1SELECT s.name AS 'Salesman', c.cust_name AS 'Customer', s.city FROM salesman s INNER JOIN customer c ON s.city=c.city;--2SELECT o.ord_no, o.purch_amt, c.cust_name, c.city FROM orders_1 o INNER JOIN customer c ON o.customer_id=c.customer_id WHERE purch_amt BETWEEN 500 AND 2000;--3SELECT c.cust_name AS 'Customer', c.city, s.name AS 'Salesman',s.commission  FROM salesman s INNER JOIN customer c ON s.salesman_id=c.salesman_id;--4SELECT c.cust_name AS 'Customer', s.city,  s.name AS 'Salesman', s.commission FROM salesman s INNER JOIN customer c ON s.salesman_id=c.salesman_id WHERE s.commission>0.12;--5SELECT c.cust_name AS 'Customer', s.city AS 'Customer City',  s.name AS 'Salesman', c.city AS 'Salesman City', s.commission FROM salesman s INNER JOIN customer c ON s.salesman_id=c.salesman_id WHERE s.commission>0.12 and s.city <> c.city;--6SELECT o.ord_no, o.ord_date, o.purch_amt, c.cust_name AS 'Customer', c.grade, s.name AS 'Salesman', s.commission FROM salesman s JOIN customer c ON s.salesman_id = c.salesman_idJOIN orders_1 o ON s.salesman_id = o.salesman_id;--7SELECT s.*, c.customer_id, c.cust_name AS 'Customer',c.city, c.grade, o.ord_no, o.ord_date, o.purch_amtFROM salesman s JOIN customer c ON s.salesman_id = c.salesman_idJOIN orders_1 o ON s.salesman_id = o.salesman_id;--8SELECT c.cust_name AS 'Customer Name', c.city AS 'Customer City', c.grade, s.name AS 'Salesman Name', s.city AS 'Salesman City' FROM customer c JOIN salesman s ON c.salesman_id = s.salesman_id ORDER BY c.customer_id;--9SELECT c.cust_name AS 'Customer Name', c.city AS 'Customer City', c.grade, s.name AS 'Salesman Name', s.city AS 'Salesman City' FROM customer c JOIN salesman s ON c.salesman_id = s.salesman_id WHERE c.grade<300 ORDER BY c.customer_id;--10SELECT  c.cust_name, c.city, o.ord_no,o.ord_date, o.purch_amtFROM customer c LEFT JOIN orders_1 o ON c.customer_id = o.customer_id;--11SELECT c.cust_name AS "Customer Name", c.city, o.ord_no, o.ord_date, o.purch_amt, s.name AS "Salesman", s.commission
FROM customer c
LEFT OUTER JOIN orders_1 o
ON c.customer_id=o.customer_id
LEFT OUTER JOIN salesman s
ON c.salesman_id=s.salesman_id;--12SELECT DISTINCT s.nameFROM salesman s  LEFT JOIN customer c ON s.salesman_id=c.salesman_idORDER BY s.name;--13SELECT s.name AS 'Salesman', c.cust_name AS 'Customer',c.city, c.grade,o.ord_no, o.ord_date, o.purch_amtFROM salesman s LEFT JOIN customer c ON s.salesman_id = c.salesman_idJOIN orders_1 o ON s.salesman_id = o.salesman_id;--14SELECT DISTINCT s.name AS SalespersonFROM salesman sLEFT JOIN customer c ON s.salesman_id = c.salesman_idLEFT JOIN orders_1 o ON c.customer_id = o.customer_idWHERE o.purch_amt>=2000 AND c.grade IS NOT NULL;--15SELECT DISTINCT s.name AS SalespersonFROM salesman sLEFT JOIN customer c ON s.salesman_id = c.salesman_idLEFT JOIN orders_1 o ON c.customer_id = o.customer_idWHERE o.purch_amt>=2000 AND c.grade IS NOT NULL;--16SELECT c.cust_name, c.city, o.ord_no, o.ord_date, o.purch_amt FROM customer c FULL OUTER JOIN orders_1 oON c.customer_id = o.customer_idWHERE c.grade IS NOT NULL;--17SELECT * FROM salesmanCROSS JOIN customer;--18SELECT * FROM salesman CROSS JOIN customer WHERE salesman.city IS NOT NULL;--19SELECT * FROM salesman CROSS JOIN customerWHERE salesman.city IS NOT NULL AND grade IS NOT NULL;--20SELECT * FROM salesman CROSS JOIN customerWHERE salesman.city IS NOT NULL AND salesman.city <> customer.city AND grade IS NOT NULL;